trait_id	description	consortium	reference	doi	ancestry	sample_size	build	access	source_url	file_pattern	primary_ancestry	trait_group	notes	trait_type	prop_cases
egg_bw_fetal_2019	Birth weight, fetal effect (adj. maternal genotype)	EGG	Warrington et al. Nat Genet 2019	10.1038/s41588-019-0403-1	EUR	406063	37	page_scrape	https://egg-consortium.org/birth-weight-2019.html	Fetal_Effect	EUR	birth_weight	SEM-partitioned fetal effect (file 5 on the EGG page). Aims Table 2 lists N=298,142 multi-ancestry (73% EUR); the public SEM-partitioned release is European-only.	quantitative	
egg_bw_maternal_2019	Birth weight, maternal effect (adj. fetal genotype)	EGG	Warrington et al. Nat Genet 2019	10.1038/s41588-019-0403-1	EUR	406063	37	page_scrape	https://egg-consortium.org/birth-weight-2019.html	Maternal_Effect	EUR	birth_weight	SEM-partitioned maternal effect (file 6 on the EGG page); colocalized alongside the fetal partition to distinguish fetal vs maternal origin of shared signals.	quantitative	
egg_bw_own_trans_2019	Own birth weight, trans-ancestry meta-analysis	EGG	Warrington et al. Nat Genet 2019	10.1038/s41588-019-0403-1	Multi	321223	37	page_scrape	https://egg-consortium.org/birth-weight-2019.html	Fetal_BW_transethnic	EAS	birth_weight	Trans-ancestry own-birth-weight file (file 2); used for the EAS-stratum sensitivity colocalization.	quantitative	
egg_ga_maternal_2023	Gestational duration (days), maternal GWAMA	EGG	Sole-Navais et al. Nat Genet 2023	10.1038/s41588-023-01343-9	EUR	151987	37	page_scrape	https://egg-consortium.org/Gestational-duration-2023.html	GAraw	EUR	gestational_age	Public release excludes 23andMe (full N=195,555). Aims Table 2 lists N=84,689 (86% EUR); no public file matches that N — catalog records the actual release.	quantitative	
childbodysize10_richardson_2020	Recalled childhood body size at age 10	Richardson / UK Biobank	Richardson et al. BMJ 2020	10.1136/bmj.m1203	EUR	453169	37	manual	https://opengwas.io/datasets/ieu-b-5107/		EUR	childhood_anthro	Same N=453,169 UKB recalled body-size-at-age-10 GWAS of aims Table 2 (100% EUR despite the table multi-ancestry label). GWAS Catalog GCST010988/010989 host no full summary statistics; OpenGWAS ieu-b-5107 is the same phenotype (GRCh37 GWAS-VCF). Register at api.opengwas.io, download the dataset .vcf.gz, and place it at gwas/raw/childbodysize10_richardson_2020.vcf.gz; 38_harmonize_gwas.py parses GWAS-VCF (ES/SE/LP/AF) directly.	quantitative	
jecs_childhood_bmi_2025_dr0m	Childhood BMI at birth (delivery record)	JECS	Kumasaka et al. medRxiv 2025	10.1101/2025.02.18.25322458	EAS	80070	38	manual	https://forms.office.com/r/qipvY8nNTK		EAS	childhood_bmi	Age-stratified bin 'dr0m' of the JECS longitudinal childhood BMI release (11 bins). Place the downloaded dr0m_bmi.gz at gwas/raw/jecs_childhood_bmi_2025_dr0m.txt.gz. Columns: #CHROM/POS(hg38)/REF/ALT/BETA(Alt)/SE/LOG10P/P/AF(alt); no liftover needed. c1y_1/c1y_2 are two distinct 1-year data sources in the release.	quantitative	
jecs_childhood_bmi_2025_dr1m	Childhood BMI at 1 month (delivery record)	JECS	Kumasaka et al. medRxiv 2025	10.1101/2025.02.18.25322458	EAS	78418	38	manual	https://forms.office.com/r/qipvY8nNTK		EAS	childhood_bmi	Age-stratified bin 'dr1m' of the JECS longitudinal childhood BMI release (11 bins). Place the downloaded dr1m_bmi.gz at gwas/raw/jecs_childhood_bmi_2025_dr1m.txt.gz. Columns: #CHROM/POS(hg38)/REF/ALT/BETA(Alt)/SE/LOG10P/P/AF(alt); no liftover needed. c1y_1/c1y_2 are two distinct 1-year data sources in the release.	quantitative	
jecs_childhood_bmi_2025_c6m	Childhood BMI at 6 months	JECS	Kumasaka et al. medRxiv 2025	10.1101/2025.02.18.25322458	EAS	72337	38	manual	https://forms.office.com/r/qipvY8nNTK		EAS	childhood_bmi	Age-stratified bin 'c6m' of the JECS longitudinal childhood BMI release (11 bins). Place the downloaded c6m_bmi.gz at gwas/raw/jecs_childhood_bmi_2025_c6m.txt.gz. Columns: #CHROM/POS(hg38)/REF/ALT/BETA(Alt)/SE/LOG10P/P/AF(alt); no liftover needed. c1y_1/c1y_2 are two distinct 1-year data sources in the release.	quantitative	
jecs_childhood_bmi_2025_c1y_1	Childhood BMI at 1 year (measure 1)	JECS	Kumasaka et al. medRxiv 2025	10.1101/2025.02.18.25322458	EAS	39397	38	manual	https://forms.office.com/r/qipvY8nNTK		EAS	childhood_bmi	Age-stratified bin 'c1y_1' of the JECS longitudinal childhood BMI release (11 bins). Place the downloaded c1y_1_bmi.gz at gwas/raw/jecs_childhood_bmi_2025_c1y_1.txt.gz. Columns: #CHROM/POS(hg38)/REF/ALT/BETA(Alt)/SE/LOG10P/P/AF(alt); no liftover needed. c1y_1/c1y_2 are two distinct 1-year data sources in the release.	quantitative	
jecs_childhood_bmi_2025_c1y_2	Childhood BMI at 1 year (measure 2)	JECS	Kumasaka et al. medRxiv 2025	10.1101/2025.02.18.25322458	EAS	53479	38	manual	https://forms.office.com/r/qipvY8nNTK		EAS	childhood_bmi	Age-stratified bin 'c1y_2' of the JECS longitudinal childhood BMI release (11 bins). Place the downloaded c1y_2_bmi.gz at gwas/raw/jecs_childhood_bmi_2025_c1y_2.txt.gz. Columns: #CHROM/POS(hg38)/REF/ALT/BETA(Alt)/SE/LOG10P/P/AF(alt); no liftover needed. c1y_1/c1y_2 are two distinct 1-year data sources in the release.	quantitative	
jecs_childhood_bmi_2025_c1hy	Childhood BMI at 1.5 years	JECS	Kumasaka et al. medRxiv 2025	10.1101/2025.02.18.25322458	EAS	60978	38	manual	https://forms.office.com/r/qipvY8nNTK		EAS	childhood_bmi	Age-stratified bin 'c1hy' of the JECS longitudinal childhood BMI release (11 bins). Place the downloaded c1hy_bmi.gz at gwas/raw/jecs_childhood_bmi_2025_c1hy.txt.gz. Columns: #CHROM/POS(hg38)/REF/ALT/BETA(Alt)/SE/LOG10P/P/AF(alt); no liftover needed. c1y_1/c1y_2 are two distinct 1-year data sources in the release.	quantitative	
jecs_childhood_bmi_2025_c2y	Childhood BMI at 2 years	JECS	Kumasaka et al. medRxiv 2025	10.1101/2025.02.18.25322458	EAS	62205	38	manual	https://forms.office.com/r/qipvY8nNTK		EAS	childhood_bmi	Age-stratified bin 'c2y' of the JECS longitudinal childhood BMI release (11 bins). Place the downloaded c2y_bmi.gz at gwas/raw/jecs_childhood_bmi_2025_c2y.txt.gz. Columns: #CHROM/POS(hg38)/REF/ALT/BETA(Alt)/SE/LOG10P/P/AF(alt); no liftover needed. c1y_1/c1y_2 are two distinct 1-year data sources in the release.	quantitative	
jecs_childhood_bmi_2025_c2hy	Childhood BMI at 2.5 years	JECS	Kumasaka et al. medRxiv 2025	10.1101/2025.02.18.25322458	EAS	59383	38	manual	https://forms.office.com/r/qipvY8nNTK		EAS	childhood_bmi	Age-stratified bin 'c2hy' of the JECS longitudinal childhood BMI release (11 bins). Place the downloaded c2hy_bmi.gz at gwas/raw/jecs_childhood_bmi_2025_c2hy.txt.gz. Columns: #CHROM/POS(hg38)/REF/ALT/BETA(Alt)/SE/LOG10P/P/AF(alt); no liftover needed. c1y_1/c1y_2 are two distinct 1-year data sources in the release.	quantitative	
jecs_childhood_bmi_2025_c3y	Childhood BMI at 3 years	JECS	Kumasaka et al. medRxiv 2025	10.1101/2025.02.18.25322458	EAS	59850	38	manual	https://forms.office.com/r/qipvY8nNTK		EAS	childhood_bmi	Age-stratified bin 'c3y' of the JECS longitudinal childhood BMI release (11 bins). Place the downloaded c3y_bmi.gz at gwas/raw/jecs_childhood_bmi_2025_c3y.txt.gz. Columns: #CHROM/POS(hg38)/REF/ALT/BETA(Alt)/SE/LOG10P/P/AF(alt); no liftover needed. c1y_1/c1y_2 are two distinct 1-year data sources in the release.	quantitative	
jecs_childhood_bmi_2025_c3hy	Childhood BMI at 3.5 years	JECS	Kumasaka et al. medRxiv 2025	10.1101/2025.02.18.25322458	EAS	60520	38	manual	https://forms.office.com/r/qipvY8nNTK		EAS	childhood_bmi	Age-stratified bin 'c3hy' of the JECS longitudinal childhood BMI release (11 bins). Place the downloaded c3hy_bmi.gz at gwas/raw/jecs_childhood_bmi_2025_c3hy.txt.gz. Columns: #CHROM/POS(hg38)/REF/ALT/BETA(Alt)/SE/LOG10P/P/AF(alt); no liftover needed. c1y_1/c1y_2 are two distinct 1-year data sources in the release.	quantitative	
jecs_childhood_bmi_2025_c4y	Childhood BMI at 4 years	JECS	Kumasaka et al. medRxiv 2025	10.1101/2025.02.18.25322458	EAS	59699	38	manual	https://forms.office.com/r/qipvY8nNTK		EAS	childhood_bmi	Age-stratified bin 'c4y' of the JECS longitudinal childhood BMI release (11 bins). Place the downloaded c4y_bmi.gz at gwas/raw/jecs_childhood_bmi_2025_c4y.txt.gz. Columns: #CHROM/POS(hg38)/REF/ALT/BETA(Alt)/SE/LOG10P/P/AF(alt); no liftover needed. c1y_1/c1y_2 are two distinct 1-year data sources in the release.	quantitative	
prodigy_youth_t2d_2021	Youth-onset type 2 diabetes	ProDiGY	Srinivasan et al. Diabetes 2021	10.2337/db20-0443	Multi	24986	37	manual	https://www.kp4cd.org/dataset_downloads/t2d		both	youth_t2d	Summary statistics via the T2D Knowledge Portal (free registration); individual-level data are dbGaP phs001511.v1.p1. Place the downloaded file in gwas/raw/ named prodigy_youth_t2d_2021.txt.gz. Verify the build at harmonization (37 assumed).	cc	0.1203
